Image,Global_dice,Av_dice_per_cell,Cell_detection_precision,Cell_detection_sensitivity
02,0.53388,0.60106,0.70968,0.61111
04,0.55945,0.58415,0.7619,0.5614
07,0.59408,0.62013,0.80769,0.45161
09,0.58891,0.62356,0.74648,0.48182
16,0.58748,0.58608,0.88732,0.52066
