Image,Global_dice,Av_dice_per_cell,Cell_detection_precision,Cell_detection_sensitivity
02,0.73128,0.80997,0.5814,0.69444
04,0.77716,0.80985,0.69091,0.66667
07,0.79102,0.8145,0.64789,0.49462
09,0.79217,0.80517,0.74118,0.57273
16,0.79906,0.79427,0.85393,0.6281
